external_id,category,source,label,scientific_name,data_type,count,period_start,period_end,country,region,province,location,lat,lon,radius_km,color,url_source,notes
VECTORNET-IT-2026-AEDES-ALBOPICTUS-TORINO,vectors,VECTORNET_CURATED,Aedes albopictus,Aedes albopictus,established_distribution_area,1,2026-01-01,2026-07-16,Italy,Piemonte,Torino,Torino,45.0703,7.6869,35,#7C3AED,https://www.ecdc.europa.eu/en/disease-vectors/surveillance-and-disease-data/mosquito-maps,"Curated territorial vector layer based on documented established distribution area. Count=1 indicates presence/distribution area, not a single observation. This is contextual vector information, not a disease diagnosis or outbreak."
VECTORNET-IT-2026-AEDES-ALBOPICTUS-CUNEO,vectors,VECTORNET_CURATED,Aedes albopictus,Aedes albopictus,established_distribution_area,1,2026-01-01,2026-07-16,Italy,Piemonte,Cuneo,Cuneo,44.3845,7.5427,35,#7C3AED,https://www.ecdc.europa.eu/en/disease-vectors/surveillance-and-disease-data/mosquito-maps,"Curated territorial vector layer based on documented established distribution area. Count=1 indicates presence/distribution area, not a single observation. This is contextual vector information, not a disease diagnosis or outbreak."
VECTORNET-IT-2026-AEDES-ALBOPICTUS-MILANO,vectors,VECTORNET_CURATED,Aedes albopictus,Aedes albopictus,established_distribution_area,1,2026-01-01,2026-07-16,Italy,Lombardia,Milano,Milano,45.4642,9.1900,35,#7C3AED,https://www.ecdc.europa.eu/en/disease-vectors/surveillance-and-disease-data/mosquito-maps,"Curated territorial vector layer based on documented established distribution area. Count=1 indicates presence/distribution area, not a single observation. This is contextual vector information, not a disease diagnosis or outbreak."
VECTORNET-IT-2026-AEDES-ALBOPICTUS-PAVIA,vectors,VECTORNET_CURATED,Aedes albopictus,Aedes albopictus,established_distribution_area,1,2026-01-01,2026-07-16,Italy,Lombardia,Pavia,Pavia,45.1847,9.1582,35,#7C3AED,https://www.ecdc.europa.eu/en/disease-vectors/surveillance-and-disease-data/mosquito-maps,"Curated territorial vector layer based on documented established distribution area. Count=1 indicates presence/distribution area, not a single observation. This is contextual vector information, not a disease diagnosis or outbreak."
VECTORNET-IT-2026-AEDES-ALBOPICTUS-BRESCIA,vectors,VECTORNET_CURATED,Aedes albopictus,Aedes albopictus,established_distribution_area,1,2026-01-01,2026-07-16,Italy,Lombardia,Brescia,Brescia,45.5416,10.2118,35,#7C3AED,https://www.ecdc.europa.eu/en/disease-vectors/surveillance-and-disease-data/mosquito-maps,"Curated territorial vector layer based on documented established distribution area. Count=1 indicates presence/distribution area, not a single observation. This is contextual vector information, not a disease diagnosis or outbreak."
VECTORNET-IT-2026-AEDES-ALBOPICTUS-GENOVA,vectors,VECTORNET_CURATED,Aedes albopictus,Aedes albopictus,established_distribution_area,1,2026-01-01,2026-07-16,Italy,Liguria,Genova,Genova,44.4048,8.9444,35,#7C3AED,https://www.ecdc.europa.eu/en/disease-vectors/surveillance-and-disease-data/mosquito-maps,"Curated territorial vector layer based on documented established distribution area. Count=1 indicates presence/distribution area, not a single observation. This is contextual vector information, not a disease diagnosis or outbreak."
VECTORNET-IT-2026-AEDES-ALBOPICTUS-VERONA,vectors,VECTORNET_CURATED,Aedes albopictus,Aedes albopictus,established_distribution_area,1,2026-01-01,2026-07-16,Italy,Veneto,Verona,Verona,45.4384,10.9916,35,#7C3AED,https://www.ecdc.europa.eu/en/disease-vectors/surveillance-and-disease-data/mosquito-maps,"Curated territorial vector layer based on documented established distribution area. Count=1 indicates presence/distribution area, not a single observation. This is contextual vector information, not a disease diagnosis or outbreak."
VECTORNET-IT-2026-AEDES-ALBOPICTUS-PADOVA,vectors,VECTORNET_CURATED,Aedes albopictus,Aedes albopictus,established_distribution_area,1,2026-01-01,2026-07-16,Italy,Veneto,Padova,Padova,45.4064,11.8768,35,#7C3AED,https://www.ecdc.europa.eu/en/disease-vectors/surveillance-and-disease-data/mosquito-maps,"Curated territorial vector layer based on documented established distribution area. Count=1 indicates presence/distribution area, not a single observation. This is contextual vector information, not a disease diagnosis or outbreak."
VECTORNET-IT-2026-AEDES-ALBOPICTUS-BOLOGNA,vectors,VECTORNET_CURATED,Aedes albopictus,Aedes albopictus,established_distribution_area,1,2026-01-01,2026-07-16,Italy,Emilia-Romagna,Bologna,Bologna,44.4949,11.3426,35,#7C3AED,https://www.ecdc.europa.eu/en/disease-vectors/surveillance-and-disease-data/mosquito-maps,"Curated territorial vector layer based on documented established distribution area. Count=1 indicates presence/distribution area, not a single observation. This is contextual vector information, not a disease diagnosis or outbreak."
VECTORNET-IT-2026-AEDES-ALBOPICTUS-PARMA,vectors,VECTORNET_CURATED,Aedes albopictus,Aedes albopictus,established_distribution_area,1,2026-01-01,2026-07-16,Italy,Emilia-Romagna,Parma,Parma,44.8015,10.3279,35,#7C3AED,https://www.ecdc.europa.eu/en/disease-vectors/surveillance-and-disease-data/mosquito-maps,"Curated territorial vector layer based on documented established distribution area. Count=1 indicates presence/distribution area, not a single observation. This is contextual vector information, not a disease diagnosis or outbreak."
VECTORNET-IT-2026-AEDES-ALBOPICTUS-FIRENZE,vectors,VECTORNET_CURATED,Aedes albopictus,Aedes albopictus,established_distribution_area,1,2026-01-01,2026-07-16,Italy,Toscana,Firenze,Firenze,43.7696,11.2558,35,#7C3AED,https://www.ecdc.europa.eu/en/disease-vectors/surveillance-and-disease-data/mosquito-maps,"Curated territorial vector layer based on documented established distribution area. Count=1 indicates presence/distribution area, not a single observation. This is contextual vector information, not a disease diagnosis or outbreak."
VECTORNET-IT-2026-AEDES-ALBOPICTUS-GROSSETO,vectors,VECTORNET_CURATED,Aedes albopictus,Aedes albopictus,established_distribution_area,1,2026-01-01,2026-07-16,Italy,Toscana,Grosseto,Grosseto,42.7635,11.1124,35,#7C3AED,https://www.ecdc.europa.eu/en/disease-vectors/surveillance-and-disease-data/mosquito-maps,"Curated territorial vector layer based on documented established distribution area. Count=1 indicates presence/distribution area, not a single observation. This is contextual vector information, not a disease diagnosis or outbreak."
VECTORNET-IT-2026-AEDES-ALBOPICTUS-ROMA,vectors,VECTORNET_CURATED,Aedes albopictus,Aedes albopictus,established_distribution_area,1,2026-01-01,2026-07-16,Italy,Lazio,Roma,Roma,41.9028,12.4964,35,#7C3AED,https://www.ecdc.europa.eu/en/disease-vectors/surveillance-and-disease-data/mosquito-maps,"Curated territorial vector layer based on documented established distribution area. Count=1 indicates presence/distribution area, not a single observation. This is contextual vector information, not a disease diagnosis or outbreak."
VECTORNET-IT-2026-AEDES-ALBOPICTUS-NAPOLI,vectors,VECTORNET_CURATED,Aedes albopictus,Aedes albopictus,established_distribution_area,1,2026-01-01,2026-07-16,Italy,Campania,Napoli,Napoli,40.8518,14.2681,35,#7C3AED,https://www.ecdc.europa.eu/en/disease-vectors/surveillance-and-disease-data/mosquito-maps,"Curated territorial vector layer based on documented established distribution area. Count=1 indicates presence/distribution area, not a single observation. This is contextual vector information, not a disease diagnosis or outbreak."
VECTORNET-IT-2026-AEDES-ALBOPICTUS-CASERTA,vectors,VECTORNET_CURATED,Aedes albopictus,Aedes albopictus,established_distribution_area,1,2026-01-01,2026-07-16,Italy,Campania,Caserta,Caserta,41.0747,14.3324,35,#7C3AED,https://www.ecdc.europa.eu/en/disease-vectors/surveillance-and-disease-data/mosquito-maps,"Curated territorial vector layer based on documented established distribution area. Count=1 indicates presence/distribution area, not a single observation. This is contextual vector information, not a disease diagnosis or outbreak."
VECTORNET-IT-2026-AEDES-ALBOPICTUS-BARI,vectors,VECTORNET_CURATED,Aedes albopictus,Aedes albopictus,established_distribution_area,1,2026-01-01,2026-07-16,Italy,Puglia,Bari,Bari,41.1171,16.8719,35,#7C3AED,https://www.ecdc.europa.eu/en/disease-vectors/surveillance-and-disease-data/mosquito-maps,"Curated territorial vector layer based on documented established distribution area. Count=1 indicates presence/distribution area, not a single observation. This is contextual vector information, not a disease diagnosis or outbreak."
VECTORNET-IT-2026-AEDES-ALBOPICTUS-PALERMO,vectors,VECTORNET_CURATED,Aedes albopictus,Aedes albopictus,established_distribution_area,1,2026-01-01,2026-07-16,Italy,Sicilia,Palermo,Palermo,38.1157,13.3615,35,#7C3AED,https://www.ecdc.europa.eu/en/disease-vectors/surveillance-and-disease-data/mosquito-maps,"Curated territorial vector layer based on documented established distribution area. Count=1 indicates presence/distribution area, not a single observation. This is contextual vector information, not a disease diagnosis or outbreak."
VECTORNET-IT-2026-AEDES-ALBOPICTUS-CAGLIARI,vectors,VECTORNET_CURATED,Aedes albopictus,Aedes albopictus,established_distribution_area,1,2026-01-01,2026-07-16,Italy,Sardegna,Cagliari,Cagliari,39.2238,9.1217,35,#7C3AED,https://www.ecdc.europa.eu/en/disease-vectors/surveillance-and-disease-data/mosquito-maps,"Curated territorial vector layer based on documented established distribution area. Count=1 indicates presence/distribution area, not a single observation. This is contextual vector information, not a disease diagnosis or outbreak."
VECTORNET-IT-2026-AEDES-JAPONICUS-TORINO,vectors,VECTORNET_CURATED,Aedes japonicus,Aedes japonicus,established_distribution_area,1,2026-01-01,2026-07-16,Italy,Piemonte,Torino,Torino,45.0703,7.6869,35,#7C3AED,https://www.ecdc.europa.eu/en/disease-vectors/surveillance-and-disease-data/mosquito-maps,"Curated territorial vector layer based on documented established distribution area. Count=1 indicates presence/distribution area, not a single observation. This is contextual vector information, not a disease diagnosis or outbreak."
VECTORNET-IT-2026-AEDES-JAPONICUS-CUNEO,vectors,VECTORNET_CURATED,Aedes japonicus,Aedes japonicus,established_distribution_area,1,2026-01-01,2026-07-16,Italy,Piemonte,Cuneo,Cuneo,44.3845,7.5427,35,#7C3AED,https://www.ecdc.europa.eu/en/disease-vectors/surveillance-and-disease-data/mosquito-maps,"Curated territorial vector layer based on documented established distribution area. Count=1 indicates presence/distribution area, not a single observation. This is contextual vector information, not a disease diagnosis or outbreak."
VECTORNET-IT-2026-AEDES-JAPONICUS-VERONA,vectors,VECTORNET_CURATED,Aedes japonicus,Aedes japonicus,established_distribution_area,1,2026-01-01,2026-07-16,Italy,Veneto,Verona,Verona,45.4384,10.9916,35,#7C3AED,https://www.ecdc.europa.eu/en/disease-vectors/surveillance-and-disease-data/mosquito-maps,"Curated territorial vector layer based on documented established distribution area. Count=1 indicates presence/distribution area, not a single observation. This is contextual vector information, not a disease diagnosis or outbreak."
VECTORNET-IT-2026-AEDES-JAPONICUS-PADOVA,vectors,VECTORNET_CURATED,Aedes japonicus,Aedes japonicus,established_distribution_area,1,2026-01-01,2026-07-16,Italy,Veneto,Padova,Padova,45.4064,11.8768,35,#7C3AED,https://www.ecdc.europa.eu/en/disease-vectors/surveillance-and-disease-data/mosquito-maps,"Curated territorial vector layer based on documented established distribution area. Count=1 indicates presence/distribution area, not a single observation. This is contextual vector information, not a disease diagnosis or outbreak."
VECTORNET-IT-2026-AEDES-JAPONICUS-BRESCIA,vectors,VECTORNET_CURATED,Aedes japonicus,Aedes japonicus,established_distribution_area,1,2026-01-01,2026-07-16,Italy,Lombardia,Brescia,Brescia,45.5416,10.2118,35,#7C3AED,https://www.ecdc.europa.eu/en/disease-vectors/surveillance-and-disease-data/mosquito-maps,"Curated territorial vector layer based on documented established distribution area. Count=1 indicates presence/distribution area, not a single observation. This is contextual vector information, not a disease diagnosis or outbreak."
VECTORNET-IT-2026-AEDES-JAPONICUS-MILANO,vectors,VECTORNET_CURATED,Aedes japonicus,Aedes japonicus,established_distribution_area,1,2026-01-01,2026-07-16,Italy,Lombardia,Milano,Milano,45.4642,9.1900,35,#7C3AED,https://www.ecdc.europa.eu/en/disease-vectors/surveillance-and-disease-data/mosquito-maps,"Curated territorial vector layer based on documented established distribution area. Count=1 indicates presence/distribution area, not a single observation. This is contextual vector information, not a disease diagnosis or outbreak."
VECTORNET-IT-2026-AEDES-JAPONICUS-PAVIA,vectors,VECTORNET_CURATED,Aedes japonicus,Aedes japonicus,established_distribution_area,1,2026-01-01,2026-07-16,Italy,Lombardia,Pavia,Pavia,45.1847,9.1582,35,#7C3AED,https://www.ecdc.europa.eu/en/disease-vectors/surveillance-and-disease-data/mosquito-maps,"Curated territorial vector layer based on documented established distribution area. Count=1 indicates presence/distribution area, not a single observation. This is contextual vector information, not a disease diagnosis or outbreak."
VECTORNET-IT-2026-AEDES-KOREICUS-TORINO,vectors,VECTORNET_CURATED,Aedes koreicus,Aedes koreicus,established_distribution_area,1,2026-01-01,2026-07-16,Italy,Piemonte,Torino,Torino,45.0703,7.6869,35,#7C3AED,https://www.ecdc.europa.eu/en/disease-vectors/surveillance-and-disease-data/mosquito-maps,"Curated territorial vector layer based on documented established distribution area. Count=1 indicates presence/distribution area, not a single observation. This is contextual vector information, not a disease diagnosis or outbreak."
VECTORNET-IT-2026-AEDES-KOREICUS-CUNEO,vectors,VECTORNET_CURATED,Aedes koreicus,Aedes koreicus,established_distribution_area,1,2026-01-01,2026-07-16,Italy,Piemonte,Cuneo,Cuneo,44.3845,7.5427,35,#7C3AED,https://www.ecdc.europa.eu/en/disease-vectors/surveillance-and-disease-data/mosquito-maps,"Curated territorial vector layer based on documented established distribution area. Count=1 indicates presence/distribution area, not a single observation. This is contextual vector information, not a disease diagnosis or outbreak."
VECTORNET-IT-2026-AEDES-KOREICUS-MILANO,vectors,VECTORNET_CURATED,Aedes koreicus,Aedes koreicus,established_distribution_area,1,2026-01-01,2026-07-16,Italy,Lombardia,Milano,Milano,45.4642,9.1900,35,#7C3AED,https://www.ecdc.europa.eu/en/disease-vectors/surveillance-and-disease-data/mosquito-maps,"Curated territorial vector layer based on documented established distribution area. Count=1 indicates presence/distribution area, not a single observation. This is contextual vector information, not a disease diagnosis or outbreak."
VECTORNET-IT-2026-AEDES-KOREICUS-BRESCIA,vectors,VECTORNET_CURATED,Aedes koreicus,Aedes koreicus,established_distribution_area,1,2026-01-01,2026-07-16,Italy,Lombardia,Brescia,Brescia,45.5416,10.2118,35,#7C3AED,https://www.ecdc.europa.eu/en/disease-vectors/surveillance-and-disease-data/mosquito-maps,"Curated territorial vector layer based on documented established distribution area. Count=1 indicates presence/distribution area, not a single observation. This is contextual vector information, not a disease diagnosis or outbreak."
VECTORNET-IT-2026-AEDES-KOREICUS-GENOVA,vectors,VECTORNET_CURATED,Aedes koreicus,Aedes koreicus,established_distribution_area,1,2026-01-01,2026-07-16,Italy,Liguria,Genova,Genova,44.4048,8.9444,35,#7C3AED,https://www.ecdc.europa.eu/en/disease-vectors/surveillance-and-disease-data/mosquito-maps,"Curated territorial vector layer based on documented established distribution area. Count=1 indicates presence/distribution area, not a single observation. This is contextual vector information, not a disease diagnosis or outbreak."
VECTORNET-IT-2026-AEDES-KOREICUS-VERONA,vectors,VECTORNET_CURATED,Aedes koreicus,Aedes koreicus,established_distribution_area,1,2026-01-01,2026-07-16,Italy,Veneto,Verona,Verona,45.4384,10.9916,35,#7C3AED,https://www.ecdc.europa.eu/en/disease-vectors/surveillance-and-disease-data/mosquito-maps,"Curated territorial vector layer based on documented established distribution area. Count=1 indicates presence/distribution area, not a single observation. This is contextual vector information, not a disease diagnosis or outbreak."
VECTORNET-IT-2026-AEDES-KOREICUS-PADOVA,vectors,VECTORNET_CURATED,Aedes koreicus,Aedes koreicus,established_distribution_area,1,2026-01-01,2026-07-16,Italy,Veneto,Padova,Padova,45.4064,11.8768,35,#7C3AED,https://www.ecdc.europa.eu/en/disease-vectors/surveillance-and-disease-data/mosquito-maps,"Curated territorial vector layer based on documented established distribution area. Count=1 indicates presence/distribution area, not a single observation. This is contextual vector information, not a disease diagnosis or outbreak."
VECTORNET-IT-2026-AEDES-KOREICUS-PAVIA,vectors,VECTORNET_CURATED,Aedes koreicus,Aedes koreicus,established_distribution_area,1,2026-01-01,2026-07-16,Italy,Lombardia,Pavia,Pavia,45.1847,9.1582,35,#7C3AED,https://www.ecdc.europa.eu/en/disease-vectors/surveillance-and-disease-data/mosquito-maps,"Curated territorial vector layer based on documented established distribution area. Count=1 indicates presence/distribution area, not a single observation. This is contextual vector information, not a disease diagnosis or outbreak."
VECTORNET-IT-2026-AEDES-KOREICUS-BOLOGNA,vectors,VECTORNET_CURATED,Aedes koreicus,Aedes koreicus,established_distribution_area,1,2026-01-01,2026-07-16,Italy,Emilia-Romagna,Bologna,Bologna,44.4949,11.3426,35,#7C3AED,https://www.ecdc.europa.eu/en/disease-vectors/surveillance-and-disease-data/mosquito-maps,"Curated territorial vector layer based on documented established distribution area. Count=1 indicates presence/distribution area, not a single observation. This is contextual vector information, not a disease diagnosis or outbreak."
VECTORNET-CURATED-2026-IXODES-RICINUS-TORINO,vectors,VECTORNET_CURATED,Ixodes ricinus,Ixodes ricinus,tick_present_area,1,2026-01-01,2026-06-03,Italy,Piemonte,Torino,Torino,45.0703,7.6869,35,#6D28D9,https://www.ecdc.europa.eu/en/disease-vectors/surveillance-and-disease-data/tick-maps,"Tick distribution context from ECDC/VectorNet tick maps. Ixodes ricinus is an important tick vector; area layer centred on the menu city. Count=1 means documented distribution/presence area, not number of observations. Circle radius reflects territorial aggregation, not case count."
VECTORNET-CURATED-2026-IXODES-RICINUS-CUNEO,vectors,VECTORNET_CURATED,Ixodes ricinus,Ixodes ricinus,tick_present_area,1,2026-01-01,2026-06-03,Italy,Piemonte,Cuneo,Cuneo,44.3845,7.5427,35,#6D28D9,https://www.ecdc.europa.eu/en/disease-vectors/surveillance-and-disease-data/tick-maps,"Tick distribution context from ECDC/VectorNet tick maps. Ixodes ricinus is an important tick vector; area layer centred on the menu city. Count=1 means documented distribution/presence area, not number of observations. Circle radius reflects territorial aggregation, not case count."
VECTORNET-CURATED-2026-IXODES-RICINUS-MILANO,vectors,VECTORNET_CURATED,Ixodes ricinus,Ixodes ricinus,tick_present_area,1,2026-01-01,2026-06-03,Italy,Lombardia,Milano,Milano,45.4642,9.1900,35,#6D28D9,https://www.ecdc.europa.eu/en/disease-vectors/surveillance-and-disease-data/tick-maps,"Tick distribution context from ECDC/VectorNet tick maps. Ixodes ricinus is an important tick vector; area layer centred on the menu city. Count=1 means documented distribution/presence area, not number of observations. Circle radius reflects territorial aggregation, not case count."
VECTORNET-CURATED-2026-IXODES-RICINUS-PAVIA,vectors,VECTORNET_CURATED,Ixodes ricinus,Ixodes ricinus,tick_present_area,1,2026-01-01,2026-06-03,Italy,Lombardia,Pavia,Pavia,45.1847,9.1582,35,#6D28D9,https://www.ecdc.europa.eu/en/disease-vectors/surveillance-and-disease-data/tick-maps,"Tick distribution context from ECDC/VectorNet tick maps. Ixodes ricinus is an important tick vector; area layer centred on the menu city. Count=1 means documented distribution/presence area, not number of observations. Circle radius reflects territorial aggregation, not case count."
VECTORNET-CURATED-2026-IXODES-RICINUS-BRESCIA,vectors,VECTORNET_CURATED,Ixodes ricinus,Ixodes ricinus,tick_present_area,1,2026-01-01,2026-06-03,Italy,Lombardia,Brescia,Brescia,45.5416,10.2118,35,#6D28D9,https://www.ecdc.europa.eu/en/disease-vectors/surveillance-and-disease-data/tick-maps,"Tick distribution context from ECDC/VectorNet tick maps. Ixodes ricinus is an important tick vector; area layer centred on the menu city. Count=1 means documented distribution/presence area, not number of observations. Circle radius reflects territorial aggregation, not case count."
VECTORNET-CURATED-2026-IXODES-RICINUS-GENOVA,vectors,VECTORNET_CURATED,Ixodes ricinus,Ixodes ricinus,tick_present_area,1,2026-01-01,2026-06-03,Italy,Liguria,Genova,Genova,44.4048,8.9444,35,#6D28D9,https://www.ecdc.europa.eu/en/disease-vectors/surveillance-and-disease-data/tick-maps,"Tick distribution context from ECDC/VectorNet tick maps. Ixodes ricinus is an important tick vector; area layer centred on the menu city. Count=1 means documented distribution/presence area, not number of observations. Circle radius reflects territorial aggregation, not case count."
VECTORNET-CURATED-2026-IXODES-RICINUS-VERONA,vectors,VECTORNET_CURATED,Ixodes ricinus,Ixodes ricinus,tick_present_area,1,2026-01-01,2026-06-03,Italy,Veneto,Verona,Verona,45.4384,10.9916,35,#6D28D9,https://www.ecdc.europa.eu/en/disease-vectors/surveillance-and-disease-data/tick-maps,"Tick distribution context from ECDC/VectorNet tick maps. Ixodes ricinus is an important tick vector; area layer centred on the menu city. Count=1 means documented distribution/presence area, not number of observations. Circle radius reflects territorial aggregation, not case count."
VECTORNET-CURATED-2026-IXODES-RICINUS-PADOVA,vectors,VECTORNET_CURATED,Ixodes ricinus,Ixodes ricinus,tick_present_area,1,2026-01-01,2026-06-03,Italy,Veneto,Padova,Padova,45.4064,11.8768,35,#6D28D9,https://www.ecdc.europa.eu/en/disease-vectors/surveillance-and-disease-data/tick-maps,"Tick distribution context from ECDC/VectorNet tick maps. Ixodes ricinus is an important tick vector; area layer centred on the menu city. Count=1 means documented distribution/presence area, not number of observations. Circle radius reflects territorial aggregation, not case count."
VECTORNET-CURATED-2026-IXODES-RICINUS-BOLOGNA,vectors,VECTORNET_CURATED,Ixodes ricinus,Ixodes ricinus,tick_present_area,1,2026-01-01,2026-06-03,Italy,Emilia-Romagna,Bologna,Bologna,44.4949,11.3426,35,#6D28D9,https://www.ecdc.europa.eu/en/disease-vectors/surveillance-and-disease-data/tick-maps,"Tick distribution context from ECDC/VectorNet tick maps. Ixodes ricinus is an important tick vector; area layer centred on the menu city. Count=1 means documented distribution/presence area, not number of observations. Circle radius reflects territorial aggregation, not case count."
VECTORNET-CURATED-2026-IXODES-RICINUS-PARMA,vectors,VECTORNET_CURATED,Ixodes ricinus,Ixodes ricinus,tick_present_area,1,2026-01-01,2026-06-03,Italy,Emilia-Romagna,Parma,Parma,44.8015,10.3279,35,#6D28D9,https://www.ecdc.europa.eu/en/disease-vectors/surveillance-and-disease-data/tick-maps,"Tick distribution context from ECDC/VectorNet tick maps. Ixodes ricinus is an important tick vector; area layer centred on the menu city. Count=1 means documented distribution/presence area, not number of observations. Circle radius reflects territorial aggregation, not case count."
VECTORNET-CURATED-2026-IXODES-RICINUS-FIRENZE,vectors,VECTORNET_CURATED,Ixodes ricinus,Ixodes ricinus,tick_present_area,1,2026-01-01,2026-06-03,Italy,Toscana,Firenze,Firenze,43.7696,11.2558,35,#6D28D9,https://www.ecdc.europa.eu/en/disease-vectors/surveillance-and-disease-data/tick-maps,"Tick distribution context from ECDC/VectorNet tick maps. Ixodes ricinus is an important tick vector; area layer centred on the menu city. Count=1 means documented distribution/presence area, not number of observations. Circle radius reflects territorial aggregation, not case count."
VECTORNET-CURATED-2026-RHIPICEPHALUS-SANGUINEUS-TORINO,vectors,VECTORNET_CURATED,Rhipicephalus sanguineus,Rhipicephalus sanguineus,tick_present_area,1,2026-01-01,2026-06-03,Italy,Piemonte,Torino,Torino,45.0703,7.6869,35,#6D28D9,https://www.ecdc.europa.eu/en/disease-vectors/surveillance-and-disease-data/tick-maps,"Tick distribution context from ECDC/VectorNet tick maps. Rhipicephalus sanguineus is a dog-associated tick vector; area layer centred on the menu city. Count=1 means documented distribution/presence area, not number of observations. Circle radius reflects territorial aggregation, not case count."
VECTORNET-CURATED-2026-RHIPICEPHALUS-SANGUINEUS-CUNEO,vectors,VECTORNET_CURATED,Rhipicephalus sanguineus,Rhipicephalus sanguineus,tick_present_area,1,2026-01-01,2026-06-03,Italy,Piemonte,Cuneo,Cuneo,44.3845,7.5427,35,#6D28D9,https://www.ecdc.europa.eu/en/disease-vectors/surveillance-and-disease-data/tick-maps,"Tick distribution context from ECDC/VectorNet tick maps. Rhipicephalus sanguineus is a dog-associated tick vector; area layer centred on the menu city. Count=1 means documented distribution/presence area, not number of observations. Circle radius reflects territorial aggregation, not case count."
VECTORNET-CURATED-2026-RHIPICEPHALUS-SANGUINEUS-MILANO,vectors,VECTORNET_CURATED,Rhipicephalus sanguineus,Rhipicephalus sanguineus,tick_present_area,1,2026-01-01,2026-06-03,Italy,Lombardia,Milano,Milano,45.4642,9.1900,35,#6D28D9,https://www.ecdc.europa.eu/en/disease-vectors/surveillance-and-disease-data/tick-maps,"Tick distribution context from ECDC/VectorNet tick maps. Rhipicephalus sanguineus is a dog-associated tick vector; area layer centred on the menu city. Count=1 means documented distribution/presence area, not number of observations. Circle radius reflects territorial aggregation, not case count."
VECTORNET-CURATED-2026-RHIPICEPHALUS-SANGUINEUS-PAVIA,vectors,VECTORNET_CURATED,Rhipicephalus sanguineus,Rhipicephalus sanguineus,tick_present_area,1,2026-01-01,2026-06-03,Italy,Lombardia,Pavia,Pavia,45.1847,9.1582,35,#6D28D9,https://www.ecdc.europa.eu/en/disease-vectors/surveillance-and-disease-data/tick-maps,"Tick distribution context from ECDC/VectorNet tick maps. Rhipicephalus sanguineus is a dog-associated tick vector; area layer centred on the menu city. Count=1 means documented distribution/presence area, not number of observations. Circle radius reflects territorial aggregation, not case count."
VECTORNET-CURATED-2026-RHIPICEPHALUS-SANGUINEUS-BRESCIA,vectors,VECTORNET_CURATED,Rhipicephalus sanguineus,Rhipicephalus sanguineus,tick_present_area,1,2026-01-01,2026-06-03,Italy,Lombardia,Brescia,Brescia,45.5416,10.2118,35,#6D28D9,https://www.ecdc.europa.eu/en/disease-vectors/surveillance-and-disease-data/tick-maps,"Tick distribution context from ECDC/VectorNet tick maps. Rhipicephalus sanguineus is a dog-associated tick vector; area layer centred on the menu city. Count=1 means documented distribution/presence area, not number of observations. Circle radius reflects territorial aggregation, not case count."
VECTORNET-CURATED-2026-RHIPICEPHALUS-SANGUINEUS-GENOVA,vectors,VECTORNET_CURATED,Rhipicephalus sanguineus,Rhipicephalus sanguineus,tick_present_area,1,2026-01-01,2026-06-03,Italy,Liguria,Genova,Genova,44.4048,8.9444,35,#6D28D9,https://www.ecdc.europa.eu/en/disease-vectors/surveillance-and-disease-data/tick-maps,"Tick distribution context from ECDC/VectorNet tick maps. Rhipicephalus sanguineus is a dog-associated tick vector; area layer centred on the menu city. Count=1 means documented distribution/presence area, not number of observations. Circle radius reflects territorial aggregation, not case count."
VECTORNET-CURATED-2026-RHIPICEPHALUS-SANGUINEUS-VERONA,vectors,VECTORNET_CURATED,Rhipicephalus sanguineus,Rhipicephalus sanguineus,tick_present_area,1,2026-01-01,2026-06-03,Italy,Veneto,Verona,Verona,45.4384,10.9916,35,#6D28D9,https://www.ecdc.europa.eu/en/disease-vectors/surveillance-and-disease-data/tick-maps,"Tick distribution context from ECDC/VectorNet tick maps. Rhipicephalus sanguineus is a dog-associated tick vector; area layer centred on the menu city. Count=1 means documented distribution/presence area, not number of observations. Circle radius reflects territorial aggregation, not case count."
VECTORNET-CURATED-2026-RHIPICEPHALUS-SANGUINEUS-PADOVA,vectors,VECTORNET_CURATED,Rhipicephalus sanguineus,Rhipicephalus sanguineus,tick_present_area,1,2026-01-01,2026-06-03,Italy,Veneto,Padova,Padova,45.4064,11.8768,35,#6D28D9,https://www.ecdc.europa.eu/en/disease-vectors/surveillance-and-disease-data/tick-maps,"Tick distribution context from ECDC/VectorNet tick maps. Rhipicephalus sanguineus is a dog-associated tick vector; area layer centred on the menu city. Count=1 means documented distribution/presence area, not number of observations. Circle radius reflects territorial aggregation, not case count."
VECTORNET-CURATED-2026-RHIPICEPHALUS-SANGUINEUS-BOLOGNA,vectors,VECTORNET_CURATED,Rhipicephalus sanguineus,Rhipicephalus sanguineus,tick_present_area,1,2026-01-01,2026-06-03,Italy,Emilia-Romagna,Bologna,Bologna,44.4949,11.3426,35,#6D28D9,https://www.ecdc.europa.eu/en/disease-vectors/surveillance-and-disease-data/tick-maps,"Tick distribution context from ECDC/VectorNet tick maps. Rhipicephalus sanguineus is a dog-associated tick vector; area layer centred on the menu city. Count=1 means documented distribution/presence area, not number of observations. Circle radius reflects territorial aggregation, not case count."
VECTORNET-CURATED-2026-RHIPICEPHALUS-SANGUINEUS-PARMA,vectors,VECTORNET_CURATED,Rhipicephalus sanguineus,Rhipicephalus sanguineus,tick_present_area,1,2026-01-01,2026-06-03,Italy,Emilia-Romagna,Parma,Parma,44.8015,10.3279,35,#6D28D9,https://www.ecdc.europa.eu/en/disease-vectors/surveillance-and-disease-data/tick-maps,"Tick distribution context from ECDC/VectorNet tick maps. Rhipicephalus sanguineus is a dog-associated tick vector; area layer centred on the menu city. Count=1 means documented distribution/presence area, not number of observations. Circle radius reflects territorial aggregation, not case count."
VECTORNET-CURATED-2026-RHIPICEPHALUS-SANGUINEUS-FIRENZE,vectors,VECTORNET_CURATED,Rhipicephalus sanguineus,Rhipicephalus sanguineus,tick_present_area,1,2026-01-01,2026-06-03,Italy,Toscana,Firenze,Firenze,43.7696,11.2558,35,#6D28D9,https://www.ecdc.europa.eu/en/disease-vectors/surveillance-and-disease-data/tick-maps,"Tick distribution context from ECDC/VectorNet tick maps. Rhipicephalus sanguineus is a dog-associated tick vector; area layer centred on the menu city. Count=1 means documented distribution/presence area, not number of observations. Circle radius reflects territorial aggregation, not case count."
VECTORNET-CURATED-2026-RHIPICEPHALUS-SANGUINEUS-GROSSETO,vectors,VECTORNET_CURATED,Rhipicephalus sanguineus,Rhipicephalus sanguineus,tick_present_area,1,2026-01-01,2026-06-03,Italy,Toscana,Grosseto,Grosseto,42.7635,11.1124,35,#6D28D9,https://www.ecdc.europa.eu/en/disease-vectors/surveillance-and-disease-data/tick-maps,"Tick distribution context from ECDC/VectorNet tick maps. Rhipicephalus sanguineus is a dog-associated tick vector; area layer centred on the menu city. Count=1 means documented distribution/presence area, not number of observations. Circle radius reflects territorial aggregation, not case count."
VECTORNET-CURATED-2026-RHIPICEPHALUS-SANGUINEUS-ROMA,vectors,VECTORNET_CURATED,Rhipicephalus sanguineus,Rhipicephalus sanguineus,tick_present_area,1,2026-01-01,2026-06-03,Italy,Lazio,Roma,Roma,41.9028,12.4964,35,#6D28D9,https://www.ecdc.europa.eu/en/disease-vectors/surveillance-and-disease-data/tick-maps,"Tick distribution context from ECDC/VectorNet tick maps. Rhipicephalus sanguineus is a dog-associated tick vector; area layer centred on the menu city. Count=1 means documented distribution/presence area, not number of observations. Circle radius reflects territorial aggregation, not case count."
VECTORNET-CURATED-2026-RHIPICEPHALUS-SANGUINEUS-NAPOLI,vectors,VECTORNET_CURATED,Rhipicephalus sanguineus,Rhipicephalus sanguineus,tick_present_area,1,2026-01-01,2026-06-03,Italy,Campania,Napoli,Napoli,40.8518,14.2681,35,#6D28D9,https://www.ecdc.europa.eu/en/disease-vectors/surveillance-and-disease-data/tick-maps,"Tick distribution context from ECDC/VectorNet tick maps. Rhipicephalus sanguineus is a dog-associated tick vector; area layer centred on the menu city. Count=1 means documented distribution/presence area, not number of observations. Circle radius reflects territorial aggregation, not case count."
VECTORNET-CURATED-2026-RHIPICEPHALUS-SANGUINEUS-CASERTA,vectors,VECTORNET_CURATED,Rhipicephalus sanguineus,Rhipicephalus sanguineus,tick_present_area,1,2026-01-01,2026-06-03,Italy,Campania,Caserta,Caserta,41.0747,14.3324,35,#6D28D9,https://www.ecdc.europa.eu/en/disease-vectors/surveillance-and-disease-data/tick-maps,"Tick distribution context from ECDC/VectorNet tick maps. Rhipicephalus sanguineus is a dog-associated tick vector; area layer centred on the menu city. Count=1 means documented distribution/presence area, not number of observations. Circle radius reflects territorial aggregation, not case count."
VECTORNET-CURATED-2026-RHIPICEPHALUS-SANGUINEUS-BARI,vectors,VECTORNET_CURATED,Rhipicephalus sanguineus,Rhipicephalus sanguineus,tick_present_area,1,2026-01-01,2026-06-03,Italy,Puglia,Bari,Bari,41.1171,16.8719,35,#6D28D9,https://www.ecdc.europa.eu/en/disease-vectors/surveillance-and-disease-data/tick-maps,"Tick distribution context from ECDC/VectorNet tick maps. Rhipicephalus sanguineus is a dog-associated tick vector; area layer centred on the menu city. Count=1 means documented distribution/presence area, not number of observations. Circle radius reflects territorial aggregation, not case count."
VECTORNET-CURATED-2026-RHIPICEPHALUS-SANGUINEUS-PALERMO,vectors,VECTORNET_CURATED,Rhipicephalus sanguineus,Rhipicephalus sanguineus,tick_present_area,1,2026-01-01,2026-06-03,Italy,Sicilia,Palermo,Palermo,38.1157,13.3615,35,#6D28D9,https://www.ecdc.europa.eu/en/disease-vectors/surveillance-and-disease-data/tick-maps,"Tick distribution context from ECDC/VectorNet tick maps. Rhipicephalus sanguineus is a dog-associated tick vector; area layer centred on the menu city. Count=1 means documented distribution/presence area, not number of observations. Circle radius reflects territorial aggregation, not case count."
VECTORNET-CURATED-2026-RHIPICEPHALUS-SANGUINEUS-CAGLIARI,vectors,VECTORNET_CURATED,Rhipicephalus sanguineus,Rhipicephalus sanguineus,tick_present_area,1,2026-01-01,2026-06-03,Italy,Sardegna,Cagliari,Cagliari,39.2238,9.1217,35,#6D28D9,https://www.ecdc.europa.eu/en/disease-vectors/surveillance-and-disease-data/tick-maps,"Tick distribution context from ECDC/VectorNet tick maps. Rhipicephalus sanguineus is a dog-associated tick vector; area layer centred on the menu city. Count=1 means documented distribution/presence area, not number of observations. Circle radius reflects territorial aggregation, not case count."
VECTORNET-CURATED-2026-DERMACENTOR-RETICULATUS-TORINO,vectors,VECTORNET_CURATED,Dermacentor reticulatus,Dermacentor reticulatus,tick_present_area,1,2026-01-01,2026-06-03,Italy,Piemonte,Torino,Torino,45.0703,7.6869,35,#6D28D9,https://www.ecdc.europa.eu/en/disease-vectors/surveillance-and-disease-data/tick-maps,"Tick distribution context from ECDC/VectorNet tick maps. Dermacentor reticulatus layer uses conservative northern/Po-valley menu-city coverage. Count=1 means documented distribution/presence area, not number of observations. Circle radius reflects territorial aggregation, not case count."
VECTORNET-CURATED-2026-DERMACENTOR-RETICULATUS-CUNEO,vectors,VECTORNET_CURATED,Dermacentor reticulatus,Dermacentor reticulatus,tick_present_area,1,2026-01-01,2026-06-03,Italy,Piemonte,Cuneo,Cuneo,44.3845,7.5427,35,#6D28D9,https://www.ecdc.europa.eu/en/disease-vectors/surveillance-and-disease-data/tick-maps,"Tick distribution context from ECDC/VectorNet tick maps. Dermacentor reticulatus layer uses conservative northern/Po-valley menu-city coverage. Count=1 means documented distribution/presence area, not number of observations. Circle radius reflects territorial aggregation, not case count."
VECTORNET-CURATED-2026-DERMACENTOR-RETICULATUS-MILANO,vectors,VECTORNET_CURATED,Dermacentor reticulatus,Dermacentor reticulatus,tick_present_area,1,2026-01-01,2026-06-03,Italy,Lombardia,Milano,Milano,45.4642,9.1900,35,#6D28D9,https://www.ecdc.europa.eu/en/disease-vectors/surveillance-and-disease-data/tick-maps,"Tick distribution context from ECDC/VectorNet tick maps. Dermacentor reticulatus layer uses conservative northern/Po-valley menu-city coverage. Count=1 means documented distribution/presence area, not number of observations. Circle radius reflects territorial aggregation, not case count."
VECTORNET-CURATED-2026-DERMACENTOR-RETICULATUS-PAVIA,vectors,VECTORNET_CURATED,Dermacentor reticulatus,Dermacentor reticulatus,tick_present_area,1,2026-01-01,2026-06-03,Italy,Lombardia,Pavia,Pavia,45.1847,9.1582,35,#6D28D9,https://www.ecdc.europa.eu/en/disease-vectors/surveillance-and-disease-data/tick-maps,"Tick distribution context from ECDC/VectorNet tick maps. Dermacentor reticulatus layer uses conservative northern/Po-valley menu-city coverage. Count=1 means documented distribution/presence area, not number of observations. Circle radius reflects territorial aggregation, not case count."
VECTORNET-CURATED-2026-DERMACENTOR-RETICULATUS-BRESCIA,vectors,VECTORNET_CURATED,Dermacentor reticulatus,Dermacentor reticulatus,tick_present_area,1,2026-01-01,2026-06-03,Italy,Lombardia,Brescia,Brescia,45.5416,10.2118,35,#6D28D9,https://www.ecdc.europa.eu/en/disease-vectors/surveillance-and-disease-data/tick-maps,"Tick distribution context from ECDC/VectorNet tick maps. Dermacentor reticulatus layer uses conservative northern/Po-valley menu-city coverage. Count=1 means documented distribution/presence area, not number of observations. Circle radius reflects territorial aggregation, not case count."
VECTORNET-CURATED-2026-DERMACENTOR-RETICULATUS-VERONA,vectors,VECTORNET_CURATED,Dermacentor reticulatus,Dermacentor reticulatus,tick_present_area,1,2026-01-01,2026-06-03,Italy,Veneto,Verona,Verona,45.4384,10.9916,35,#6D28D9,https://www.ecdc.europa.eu/en/disease-vectors/surveillance-and-disease-data/tick-maps,"Tick distribution context from ECDC/VectorNet tick maps. Dermacentor reticulatus layer uses conservative northern/Po-valley menu-city coverage. Count=1 means documented distribution/presence area, not number of observations. Circle radius reflects territorial aggregation, not case count."
VECTORNET-CURATED-2026-DERMACENTOR-RETICULATUS-PADOVA,vectors,VECTORNET_CURATED,Dermacentor reticulatus,Dermacentor reticulatus,tick_present_area,1,2026-01-01,2026-06-03,Italy,Veneto,Padova,Padova,45.4064,11.8768,35,#6D28D9,https://www.ecdc.europa.eu/en/disease-vectors/surveillance-and-disease-data/tick-maps,"Tick distribution context from ECDC/VectorNet tick maps. Dermacentor reticulatus layer uses conservative northern/Po-valley menu-city coverage. Count=1 means documented distribution/presence area, not number of observations. Circle radius reflects territorial aggregation, not case count."
VECTORNET-CURATED-2026-DERMACENTOR-RETICULATUS-BOLOGNA,vectors,VECTORNET_CURATED,Dermacentor reticulatus,Dermacentor reticulatus,tick_present_area,1,2026-01-01,2026-06-03,Italy,Emilia-Romagna,Bologna,Bologna,44.4949,11.3426,35,#6D28D9,https://www.ecdc.europa.eu/en/disease-vectors/surveillance-and-disease-data/tick-maps,"Tick distribution context from ECDC/VectorNet tick maps. Dermacentor reticulatus layer uses conservative northern/Po-valley menu-city coverage. Count=1 means documented distribution/presence area, not number of observations. Circle radius reflects territorial aggregation, not case count."
VECTORNET-CURATED-2026-DERMACENTOR-RETICULATUS-PARMA,vectors,VECTORNET_CURATED,Dermacentor reticulatus,Dermacentor reticulatus,tick_present_area,1,2026-01-01,2026-06-03,Italy,Emilia-Romagna,Parma,Parma,44.8015,10.3279,35,#6D28D9,https://www.ecdc.europa.eu/en/disease-vectors/surveillance-and-disease-data/tick-maps,"Tick distribution context from ECDC/VectorNet tick maps. Dermacentor reticulatus layer uses conservative northern/Po-valley menu-city coverage. Count=1 means documented distribution/presence area, not number of observations. Circle radius reflects territorial aggregation, not case count."
VECTORNET-CURATED-2026-PHLEBOTOMUS-PERNICIOSUS-GENOVA,vectors,VECTORNET_CURATED,Phlebotomus perniciosus,Phlebotomus perniciosus,sandfly_present_area,1,2026-01-01,2026-06-03,Italy,Liguria,Genova,Genova,44.4048,8.9444,45,#9333EA,https://www.ecdc.europa.eu/en/disease-vectors/surveillance-and-disease-data/phlebotomine-maps,"Phlebotomine sandfly context from ECDC/VectorNet maps; relevant to Leishmania transmission ecology. Area layer, not a clinical case. Count=1 means documented distribution/presence area, not number of observations. Circle radius reflects territorial aggregation, not case count."
VECTORNET-CURATED-2026-PHLEBOTOMUS-PERNICIOSUS-GROSSETO,vectors,VECTORNET_CURATED,Phlebotomus perniciosus,Phlebotomus perniciosus,sandfly_present_area,1,2026-01-01,2026-06-03,Italy,Toscana,Grosseto,Grosseto,42.7635,11.1124,45,#9333EA,https://www.ecdc.europa.eu/en/disease-vectors/surveillance-and-disease-data/phlebotomine-maps,"Phlebotomine sandfly context from ECDC/VectorNet maps; relevant to Leishmania transmission ecology. Area layer, not a clinical case. Count=1 means documented distribution/presence area, not number of observations. Circle radius reflects territorial aggregation, not case count."
VECTORNET-CURATED-2026-PHLEBOTOMUS-PERNICIOSUS-ROMA,vectors,VECTORNET_CURATED,Phlebotomus perniciosus,Phlebotomus perniciosus,sandfly_present_area,1,2026-01-01,2026-06-03,Italy,Lazio,Roma,Roma,41.9028,12.4964,45,#9333EA,https://www.ecdc.europa.eu/en/disease-vectors/surveillance-and-disease-data/phlebotomine-maps,"Phlebotomine sandfly context from ECDC/VectorNet maps; relevant to Leishmania transmission ecology. Area layer, not a clinical case. Count=1 means documented distribution/presence area, not number of observations. Circle radius reflects territorial aggregation, not case count."
VECTORNET-CURATED-2026-PHLEBOTOMUS-PERNICIOSUS-NAPOLI,vectors,VECTORNET_CURATED,Phlebotomus perniciosus,Phlebotomus perniciosus,sandfly_present_area,1,2026-01-01,2026-06-03,Italy,Campania,Napoli,Napoli,40.8518,14.2681,45,#9333EA,https://www.ecdc.europa.eu/en/disease-vectors/surveillance-and-disease-data/phlebotomine-maps,"Phlebotomine sandfly context from ECDC/VectorNet maps; relevant to Leishmania transmission ecology. Area layer, not a clinical case. Count=1 means documented distribution/presence area, not number of observations. Circle radius reflects territorial aggregation, not case count."
VECTORNET-CURATED-2026-PHLEBOTOMUS-PERNICIOSUS-CASERTA,vectors,VECTORNET_CURATED,Phlebotomus perniciosus,Phlebotomus perniciosus,sandfly_present_area,1,2026-01-01,2026-06-03,Italy,Campania,Caserta,Caserta,41.0747,14.3324,45,#9333EA,https://www.ecdc.europa.eu/en/disease-vectors/surveillance-and-disease-data/phlebotomine-maps,"Phlebotomine sandfly context from ECDC/VectorNet maps; relevant to Leishmania transmission ecology. Area layer, not a clinical case. Count=1 means documented distribution/presence area, not number of observations. Circle radius reflects territorial aggregation, not case count."
VECTORNET-CURATED-2026-PHLEBOTOMUS-PERNICIOSUS-BARI,vectors,VECTORNET_CURATED,Phlebotomus perniciosus,Phlebotomus perniciosus,sandfly_present_area,1,2026-01-01,2026-06-03,Italy,Puglia,Bari,Bari,41.1171,16.8719,45,#9333EA,https://www.ecdc.europa.eu/en/disease-vectors/surveillance-and-disease-data/phlebotomine-maps,"Phlebotomine sandfly context from ECDC/VectorNet maps; relevant to Leishmania transmission ecology. Area layer, not a clinical case. Count=1 means documented distribution/presence area, not number of observations. Circle radius reflects territorial aggregation, not case count."
VECTORNET-CURATED-2026-PHLEBOTOMUS-PERNICIOSUS-PALERMO,vectors,VECTORNET_CURATED,Phlebotomus perniciosus,Phlebotomus perniciosus,sandfly_present_area,1,2026-01-01,2026-06-03,Italy,Sicilia,Palermo,Palermo,38.1157,13.3615,45,#9333EA,https://www.ecdc.europa.eu/en/disease-vectors/surveillance-and-disease-data/phlebotomine-maps,"Phlebotomine sandfly context from ECDC/VectorNet maps; relevant to Leishmania transmission ecology. Area layer, not a clinical case. Count=1 means documented distribution/presence area, not number of observations. Circle radius reflects territorial aggregation, not case count."
VECTORNET-CURATED-2026-PHLEBOTOMUS-PERNICIOSUS-CAGLIARI,vectors,VECTORNET_CURATED,Phlebotomus perniciosus,Phlebotomus perniciosus,sandfly_present_area,1,2026-01-01,2026-06-03,Italy,Sardegna,Cagliari,Cagliari,39.2238,9.1217,45,#9333EA,https://www.ecdc.europa.eu/en/disease-vectors/surveillance-and-disease-data/phlebotomine-maps,"Phlebotomine sandfly context from ECDC/VectorNet maps; relevant to Leishmania transmission ecology. Area layer, not a clinical case. Count=1 means documented distribution/presence area, not number of observations. Circle radius reflects territorial aggregation, not case count."
VECTORNET-CURATED-2026-PHLEBOTOMUS-PERNICIOSUS-FIRENZE,vectors,VECTORNET_CURATED,Phlebotomus perniciosus,Phlebotomus perniciosus,sandfly_present_area,1,2026-01-01,2026-06-03,Italy,Toscana,Firenze,Firenze,43.7696,11.2558,45,#9333EA,https://www.ecdc.europa.eu/en/disease-vectors/surveillance-and-disease-data/phlebotomine-maps,"Phlebotomine sandfly context from ECDC/VectorNet maps; relevant to Leishmania transmission ecology. Area layer, not a clinical case. Count=1 means documented distribution/presence area, not number of observations. Circle radius reflects territorial aggregation, not case count."
VECTORNET-CURATED-2026-PHLEBOTOMUS-PERNICIOSUS-TORINO,vectors,VECTORNET_CURATED,Phlebotomus perniciosus,Phlebotomus perniciosus,sandfly_present_area,1,2026-01-01,2026-06-03,Italy,Piemonte,Torino,Torino,45.0703,7.6869,45,#9333EA,https://www.ecdc.europa.eu/en/disease-vectors/surveillance-and-disease-data/phlebotomine-maps,"Phlebotomine sandfly context from ECDC/VectorNet maps; relevant to Leishmania transmission ecology. Area layer, not a clinical case. Count=1 means documented distribution/presence area, not number of observations. Circle radius reflects territorial aggregation, not case count."
VECTORNET-CURATED-2026-PHLEBOTOMUS-PERNICIOSUS-MILANO,vectors,VECTORNET_CURATED,Phlebotomus perniciosus,Phlebotomus perniciosus,sandfly_present_area,1,2026-01-01,2026-06-03,Italy,Lombardia,Milano,Milano,45.4642,9.1900,45,#9333EA,https://www.ecdc.europa.eu/en/disease-vectors/surveillance-and-disease-data/phlebotomine-maps,"Phlebotomine sandfly context from ECDC/VectorNet maps; relevant to Leishmania transmission ecology. Area layer, not a clinical case. Count=1 means documented distribution/presence area, not number of observations. Circle radius reflects territorial aggregation, not case count."
VECTORNET-CURATED-2026-PHLEBOTOMUS-PERNICIOSUS-PAVIA,vectors,VECTORNET_CURATED,Phlebotomus perniciosus,Phlebotomus perniciosus,sandfly_present_area,1,2026-01-01,2026-06-03,Italy,Lombardia,Pavia,Pavia,45.1847,9.1582,45,#9333EA,https://www.ecdc.europa.eu/en/disease-vectors/surveillance-and-disease-data/phlebotomine-maps,"Phlebotomine sandfly context from ECDC/VectorNet maps; relevant to Leishmania transmission ecology. Area layer, not a clinical case. Count=1 means documented distribution/presence area, not number of observations. Circle radius reflects territorial aggregation, not case count."
VECTORNET-CURATED-2026-PHLEBOTOMUS-PERNICIOSUS-BRESCIA,vectors,VECTORNET_CURATED,Phlebotomus perniciosus,Phlebotomus perniciosus,sandfly_present_area,1,2026-01-01,2026-06-03,Italy,Lombardia,Brescia,Brescia,45.5416,10.2118,45,#9333EA,https://www.ecdc.europa.eu/en/disease-vectors/surveillance-and-disease-data/phlebotomine-maps,"Phlebotomine sandfly context from ECDC/VectorNet maps; relevant to Leishmania transmission ecology. Area layer, not a clinical case. Count=1 means documented distribution/presence area, not number of observations. Circle radius reflects territorial aggregation, not case count."
VECTORNET-CURATED-2026-PHLEBOTOMUS-PERNICIOSUS-VERONA,vectors,VECTORNET_CURATED,Phlebotomus perniciosus,Phlebotomus perniciosus,sandfly_present_area,1,2026-01-01,2026-06-03,Italy,Veneto,Verona,Verona,45.4384,10.9916,45,#9333EA,https://www.ecdc.europa.eu/en/disease-vectors/surveillance-and-disease-data/phlebotomine-maps,"Phlebotomine sandfly context from ECDC/VectorNet maps; relevant to Leishmania transmission ecology. Area layer, not a clinical case. Count=1 means documented distribution/presence area, not number of observations. Circle radius reflects territorial aggregation, not case count."
VECTORNET-CURATED-2026-PHLEBOTOMUS-PERNICIOSUS-PADOVA,vectors,VECTORNET_CURATED,Phlebotomus perniciosus,Phlebotomus perniciosus,sandfly_present_area,1,2026-01-01,2026-06-03,Italy,Veneto,Padova,Padova,45.4064,11.8768,45,#9333EA,https://www.ecdc.europa.eu/en/disease-vectors/surveillance-and-disease-data/phlebotomine-maps,"Phlebotomine sandfly context from ECDC/VectorNet maps; relevant to Leishmania transmission ecology. Area layer, not a clinical case. Count=1 means documented distribution/presence area, not number of observations. Circle radius reflects territorial aggregation, not case count."
VECTORNET-CURATED-2026-PHLEBOTOMUS-PERNICIOSUS-BOLOGNA,vectors,VECTORNET_CURATED,Phlebotomus perniciosus,Phlebotomus perniciosus,sandfly_present_area,1,2026-01-01,2026-06-03,Italy,Emilia-Romagna,Bologna,Bologna,44.4949,11.3426,45,#9333EA,https://www.ecdc.europa.eu/en/disease-vectors/surveillance-and-disease-data/phlebotomine-maps,"Phlebotomine sandfly context from ECDC/VectorNet maps; relevant to Leishmania transmission ecology. Area layer, not a clinical case. Count=1 means documented distribution/presence area, not number of observations. Circle radius reflects territorial aggregation, not case count."
VECTORNET-CURATED-2026-PHLEBOTOMUS-PERNICIOSUS-PARMA,vectors,VECTORNET_CURATED,Phlebotomus perniciosus,Phlebotomus perniciosus,sandfly_present_area,1,2026-01-01,2026-06-03,Italy,Emilia-Romagna,Parma,Parma,44.8015,10.3279,45,#9333EA,https://www.ecdc.europa.eu/en/disease-vectors/surveillance-and-disease-data/phlebotomine-maps,"Phlebotomine sandfly context from ECDC/VectorNet maps; relevant to Leishmania transmission ecology. Area layer, not a clinical case. Count=1 means documented distribution/presence area, not number of observations. Circle radius reflects territorial aggregation, not case count."
VECTORNET-CURATED-2026-CULICOIDES-SPP-TORINO,vectors,VECTORNET_CURATED,Culicoides spp.,Culicoides spp.,biting_midge_present_area,1,2026-01-01,2026-06-03,Italy,Piemonte,Torino,Torino,45.0703,7.6869,50,#4C1D95,https://www.ecdc.europa.eu/en/disease-vectors/surveillance-and-disease-data/biting-midge-maps,"Biting midge distribution context from ECDC/VectorNet maps; relevant to livestock vector-borne disease ecology such as bluetongue. Area layer, not a clinical case. Count=1 means documented distribution/presence area, not number of observations. Circle radius reflects territorial aggregation, not case count."
VECTORNET-CURATED-2026-CULICOIDES-SPP-CUNEO,vectors,VECTORNET_CURATED,Culicoides spp.,Culicoides spp.,biting_midge_present_area,1,2026-01-01,2026-06-03,Italy,Piemonte,Cuneo,Cuneo,44.3845,7.5427,50,#4C1D95,https://www.ecdc.europa.eu/en/disease-vectors/surveillance-and-disease-data/biting-midge-maps,"Biting midge distribution context from ECDC/VectorNet maps; relevant to livestock vector-borne disease ecology such as bluetongue. Area layer, not a clinical case. Count=1 means documented distribution/presence area, not number of observations. Circle radius reflects territorial aggregation, not case count."
VECTORNET-CURATED-2026-CULICOIDES-SPP-MILANO,vectors,VECTORNET_CURATED,Culicoides spp.,Culicoides spp.,biting_midge_present_area,1,2026-01-01,2026-06-03,Italy,Lombardia,Milano,Milano,45.4642,9.1900,50,#4C1D95,https://www.ecdc.europa.eu/en/disease-vectors/surveillance-and-disease-data/biting-midge-maps,"Biting midge distribution context from ECDC/VectorNet maps; relevant to livestock vector-borne disease ecology such as bluetongue. Area layer, not a clinical case. Count=1 means documented distribution/presence area, not number of observations. Circle radius reflects territorial aggregation, not case count."
VECTORNET-CURATED-2026-CULICOIDES-SPP-PAVIA,vectors,VECTORNET_CURATED,Culicoides spp.,Culicoides spp.,biting_midge_present_area,1,2026-01-01,2026-06-03,Italy,Lombardia,Pavia,Pavia,45.1847,9.1582,50,#4C1D95,https://www.ecdc.europa.eu/en/disease-vectors/surveillance-and-disease-data/biting-midge-maps,"Biting midge distribution context from ECDC/VectorNet maps; relevant to livestock vector-borne disease ecology such as bluetongue. Area layer, not a clinical case. Count=1 means documented distribution/presence area, not number of observations. Circle radius reflects territorial aggregation, not case count."
VECTORNET-CURATED-2026-CULICOIDES-SPP-BRESCIA,vectors,VECTORNET_CURATED,Culicoides spp.,Culicoides spp.,biting_midge_present_area,1,2026-01-01,2026-06-03,Italy,Lombardia,Brescia,Brescia,45.5416,10.2118,50,#4C1D95,https://www.ecdc.europa.eu/en/disease-vectors/surveillance-and-disease-data/biting-midge-maps,"Biting midge distribution context from ECDC/VectorNet maps; relevant to livestock vector-borne disease ecology such as bluetongue. Area layer, not a clinical case. Count=1 means documented distribution/presence area, not number of observations. Circle radius reflects territorial aggregation, not case count."
VECTORNET-CURATED-2026-CULICOIDES-SPP-GENOVA,vectors,VECTORNET_CURATED,Culicoides spp.,Culicoides spp.,biting_midge_present_area,1,2026-01-01,2026-06-03,Italy,Liguria,Genova,Genova,44.4048,8.9444,50,#4C1D95,https://www.ecdc.europa.eu/en/disease-vectors/surveillance-and-disease-data/biting-midge-maps,"Biting midge distribution context from ECDC/VectorNet maps; relevant to livestock vector-borne disease ecology such as bluetongue. Area layer, not a clinical case. Count=1 means documented distribution/presence area, not number of observations. Circle radius reflects territorial aggregation, not case count."
VECTORNET-CURATED-2026-CULICOIDES-SPP-VERONA,vectors,VECTORNET_CURATED,Culicoides spp.,Culicoides spp.,biting_midge_present_area,1,2026-01-01,2026-06-03,Italy,Veneto,Verona,Verona,45.4384,10.9916,50,#4C1D95,https://www.ecdc.europa.eu/en/disease-vectors/surveillance-and-disease-data/biting-midge-maps,"Biting midge distribution context from ECDC/VectorNet maps; relevant to livestock vector-borne disease ecology such as bluetongue. Area layer, not a clinical case. Count=1 means documented distribution/presence area, not number of observations. Circle radius reflects territorial aggregation, not case count."
VECTORNET-CURATED-2026-CULICOIDES-SPP-PADOVA,vectors,VECTORNET_CURATED,Culicoides spp.,Culicoides spp.,biting_midge_present_area,1,2026-01-01,2026-06-03,Italy,Veneto,Padova,Padova,45.4064,11.8768,50,#4C1D95,https://www.ecdc.europa.eu/en/disease-vectors/surveillance-and-disease-data/biting-midge-maps,"Biting midge distribution context from ECDC/VectorNet maps; relevant to livestock vector-borne disease ecology such as bluetongue. Area layer, not a clinical case. Count=1 means documented distribution/presence area, not number of observations. Circle radius reflects territorial aggregation, not case count."
VECTORNET-CURATED-2026-CULICOIDES-SPP-BOLOGNA,vectors,VECTORNET_CURATED,Culicoides spp.,Culicoides spp.,biting_midge_present_area,1,2026-01-01,2026-06-03,Italy,Emilia-Romagna,Bologna,Bologna,44.4949,11.3426,50,#4C1D95,https://www.ecdc.europa.eu/en/disease-vectors/surveillance-and-disease-data/biting-midge-maps,"Biting midge distribution context from ECDC/VectorNet maps; relevant to livestock vector-borne disease ecology such as bluetongue. Area layer, not a clinical case. Count=1 means documented distribution/presence area, not number of observations. Circle radius reflects territorial aggregation, not case count."
VECTORNET-CURATED-2026-CULICOIDES-SPP-PARMA,vectors,VECTORNET_CURATED,Culicoides spp.,Culicoides spp.,biting_midge_present_area,1,2026-01-01,2026-06-03,Italy,Emilia-Romagna,Parma,Parma,44.8015,10.3279,50,#4C1D95,https://www.ecdc.europa.eu/en/disease-vectors/surveillance-and-disease-data/biting-midge-maps,"Biting midge distribution context from ECDC/VectorNet maps; relevant to livestock vector-borne disease ecology such as bluetongue. Area layer, not a clinical case. Count=1 means documented distribution/presence area, not number of observations. Circle radius reflects territorial aggregation, not case count."
VECTORNET-CURATED-2026-CULICOIDES-SPP-FIRENZE,vectors,VECTORNET_CURATED,Culicoides spp.,Culicoides spp.,biting_midge_present_area,1,2026-01-01,2026-06-03,Italy,Toscana,Firenze,Firenze,43.7696,11.2558,50,#4C1D95,https://www.ecdc.europa.eu/en/disease-vectors/surveillance-and-disease-data/biting-midge-maps,"Biting midge distribution context from ECDC/VectorNet maps; relevant to livestock vector-borne disease ecology such as bluetongue. Area layer, not a clinical case. Count=1 means documented distribution/presence area, not number of observations. Circle radius reflects territorial aggregation, not case count."
VECTORNET-CURATED-2026-CULICOIDES-SPP-GROSSETO,vectors,VECTORNET_CURATED,Culicoides spp.,Culicoides spp.,biting_midge_present_area,1,2026-01-01,2026-06-03,Italy,Toscana,Grosseto,Grosseto,42.7635,11.1124,50,#4C1D95,https://www.ecdc.europa.eu/en/disease-vectors/surveillance-and-disease-data/biting-midge-maps,"Biting midge distribution context from ECDC/VectorNet maps; relevant to livestock vector-borne disease ecology such as bluetongue. Area layer, not a clinical case. Count=1 means documented distribution/presence area, not number of observations. Circle radius reflects territorial aggregation, not case count."
VECTORNET-CURATED-2026-CULICOIDES-SPP-ROMA,vectors,VECTORNET_CURATED,Culicoides spp.,Culicoides spp.,biting_midge_present_area,1,2026-01-01,2026-06-03,Italy,Lazio,Roma,Roma,41.9028,12.4964,50,#4C1D95,https://www.ecdc.europa.eu/en/disease-vectors/surveillance-and-disease-data/biting-midge-maps,"Biting midge distribution context from ECDC/VectorNet maps; relevant to livestock vector-borne disease ecology such as bluetongue. Area layer, not a clinical case. Count=1 means documented distribution/presence area, not number of observations. Circle radius reflects territorial aggregation, not case count."
VECTORNET-CURATED-2026-CULICOIDES-SPP-NAPOLI,vectors,VECTORNET_CURATED,Culicoides spp.,Culicoides spp.,biting_midge_present_area,1,2026-01-01,2026-06-03,Italy,Campania,Napoli,Napoli,40.8518,14.2681,50,#4C1D95,https://www.ecdc.europa.eu/en/disease-vectors/surveillance-and-disease-data/biting-midge-maps,"Biting midge distribution context from ECDC/VectorNet maps; relevant to livestock vector-borne disease ecology such as bluetongue. Area layer, not a clinical case. Count=1 means documented distribution/presence area, not number of observations. Circle radius reflects territorial aggregation, not case count."
VECTORNET-CURATED-2026-CULICOIDES-SPP-CASERTA,vectors,VECTORNET_CURATED,Culicoides spp.,Culicoides spp.,biting_midge_present_area,1,2026-01-01,2026-06-03,Italy,Campania,Caserta,Caserta,41.0747,14.3324,50,#4C1D95,https://www.ecdc.europa.eu/en/disease-vectors/surveillance-and-disease-data/biting-midge-maps,"Biting midge distribution context from ECDC/VectorNet maps; relevant to livestock vector-borne disease ecology such as bluetongue. Area layer, not a clinical case. Count=1 means documented distribution/presence area, not number of observations. Circle radius reflects territorial aggregation, not case count."
VECTORNET-CURATED-2026-CULICOIDES-SPP-BARI,vectors,VECTORNET_CURATED,Culicoides spp.,Culicoides spp.,biting_midge_present_area,1,2026-01-01,2026-06-03,Italy,Puglia,Bari,Bari,41.1171,16.8719,50,#4C1D95,https://www.ecdc.europa.eu/en/disease-vectors/surveillance-and-disease-data/biting-midge-maps,"Biting midge distribution context from ECDC/VectorNet maps; relevant to livestock vector-borne disease ecology such as bluetongue. Area layer, not a clinical case. Count=1 means documented distribution/presence area, not number of observations. Circle radius reflects territorial aggregation, not case count."
VECTORNET-CURATED-2026-CULICOIDES-SPP-PALERMO,vectors,VECTORNET_CURATED,Culicoides spp.,Culicoides spp.,biting_midge_present_area,1,2026-01-01,2026-06-03,Italy,Sicilia,Palermo,Palermo,38.1157,13.3615,50,#4C1D95,https://www.ecdc.europa.eu/en/disease-vectors/surveillance-and-disease-data/biting-midge-maps,"Biting midge distribution context from ECDC/VectorNet maps; relevant to livestock vector-borne disease ecology such as bluetongue. Area layer, not a clinical case. Count=1 means documented distribution/presence area, not number of observations. Circle radius reflects territorial aggregation, not case count."
VECTORNET-CURATED-2026-CULICOIDES-SPP-CAGLIARI,vectors,VECTORNET_CURATED,Culicoides spp.,Culicoides spp.,biting_midge_present_area,1,2026-01-01,2026-06-03,Italy,Sardegna,Cagliari,Cagliari,39.2238,9.1217,50,#4C1D95,https://www.ecdc.europa.eu/en/disease-vectors/surveillance-and-disease-data/biting-midge-maps,"Biting midge distribution context from ECDC/VectorNet maps; relevant to livestock vector-borne disease ecology such as bluetongue. Area layer, not a clinical case. Count=1 means documented distribution/presence area, not number of observations. Circle radius reflects territorial aggregation, not case count."
WNV-2026-IT-CASERTA-001,west_nile,ECDC_CNS_WNV,West Nile / Usutu surveillance,West Nile virus,confirmed_human_case_area,1,2026-06-10,2026-07-13,Italy,Campania,Caserta,Caserta,41.0747,14.3324,40,#F59E0B,https://www.ecdc.europa.eu/en/west-nile-fever/surveillance-and-disease-data/disease-data-ecdc,ECDC Week 27 reports 1 confirmed WNV case in Caserta; CNS lists WNV prevention measures for Province of Caserta; territorial layer not veterinary diagnosis.
WNV-2026-IT-FIRENZE-001,west_nile,ECDC_CNS_WNV,West Nile / Usutu surveillance,West Nile virus,confirmed_human_case_area,1,2026-06-12,2026-07-13,Italy,Toscana,Firenze,Firenze,43.7696,11.2558,40,#F59E0B,https://www.ecdc.europa.eu/en/west-nile-fever/surveillance-and-disease-data/disease-data-ecdc,ECDC Week 27 reports 1 confirmed WNV case in Firenze; CNS lists WNV prevention measures for Province of Firenze; territorial layer not veterinary diagnosis.
WNV-2026-IT-VERONA-001,west_nile,ECDC_CNS_WNV,West Nile / Usutu surveillance,West Nile virus,confirmed_human_case_area,1,2026-06-19,2026-07-13,Italy,Veneto,Verona,Verona,45.4384,10.9916,40,#F59E0B,https://www.ecdc.europa.eu/en/west-nile-fever/surveillance-and-disease-data/disease-data-ecdc,ECDC Week 27 reports 1 confirmed WNV case in Verona; CNS lists WNV prevention measures for Province of Verona; territorial layer not veterinary diagnosis.
WNV-2026-IT-MEDIO-CAMPIDANO-001,west_nile,CNS_WNV,West Nile / Usutu surveillance,West Nile virus,prevention_measure_area,1,2026-06-19,2026-07-13,Italy,Sardegna,Medio Campidano,Sanluri,39.5612,8.8994,45,#F59E0B,https://www.centronazionalesangue.it/west-nile-virus-2026/,CNS lists WNV prevention measures for Province of Medio Campidano; territorial surveillance/prevention layer.
WNV-2026-IT-FERRARA-001,west_nile,CNS_WNV,West Nile / Usutu surveillance,West Nile virus,prevention_measure_area,1,2026-06-19,2026-07-13,Italy,Emilia-Romagna,Ferrara,Ferrara,44.8381,11.6198,45,#F59E0B,https://www.centronazionalesangue.it/west-nile-virus-2026/,CNS lists WNV prevention measures for Province of Ferrara; territorial surveillance/prevention layer.
WNV-2026-IT-ROVIGO-001,west_nile,CNS_WNV,West Nile / Usutu surveillance,West Nile virus,prevention_measure_area,1,2026-06-19,2026-07-13,Italy,Veneto,Rovigo,Rovigo,45.0698,11.7902,45,#F59E0B,https://www.centronazionalesangue.it/west-nile-virus-2026/,CNS lists WNV prevention measures for Province of Rovigo; territorial surveillance/prevention layer.
WNV-2026-IT-PAVIA-001,west_nile,CNS_WNV,West Nile / Usutu surveillance,West Nile virus,prevention_measure_area,1,2026-06-25,2026-07-13,Italy,Lombardia,Pavia,Pavia,45.1847,9.1582,45,#F59E0B,https://www.centronazionalesangue.it/west-nile-virus-2026/,CNS lists WNV prevention measures for Province of Pavia; territorial surveillance/prevention layer.
WNV-2026-IT-MANTOVA-001,west_nile,CNS_WNV,West Nile / Usutu surveillance,West Nile virus,prevention_measure_area,1,2026-06-30,2026-07-13,Italy,Lombardia,Mantova,Mantova,45.1564,10.7914,45,#F59E0B,https://www.centronazionalesangue.it/west-nile-virus-2026/,CNS lists WNV prevention measures for Province of Mantova; territorial surveillance/prevention layer.
WNV-2026-IT-BRESCIA-001,west_nile,CNS_WNV,West Nile / Usutu surveillance,West Nile virus,prevention_measure_area,1,2026-06-30,2026-07-13,Italy,Lombardia,Brescia,Brescia,45.5416,10.2118,45,#F59E0B,https://www.centronazionalesangue.it/west-nile-virus-2026/,CNS lists WNV prevention measures for Province of Brescia; territorial surveillance/prevention layer.
WNV-2026-IT-BERGAMO-001,west_nile,CNS_WNV,West Nile / Usutu surveillance,West Nile virus,prevention_measure_area,1,2026-06-30,2026-07-13,Italy,Lombardia,Bergamo,Bergamo,45.6983,9.6773,45,#F59E0B,https://www.centronazionalesangue.it/west-nile-virus-2026/,CNS lists WNV prevention measures for Province of Bergamo; territorial surveillance/prevention layer.
WNV-2026-IT-BOLOGNA-001,west_nile,CNS_WNV,West Nile / Usutu surveillance,West Nile virus,prevention_measure_area,1,2026-07-01,2026-07-13,Italy,Emilia-Romagna,Bologna,Bologna,44.4949,11.3426,45,#F59E0B,https://www.centronazionalesangue.it/west-nile-virus-2026/,CNS lists WNV prevention measures for Province of Bologna; territorial surveillance/prevention layer.
WNV-2026-IT-VERCELLI-001,west_nile,CNS_WNV,West Nile / Usutu surveillance,West Nile virus,prevention_measure_area,1,2026-07-01,2026-07-13,Italy,Piemonte,Vercelli,Vercelli,45.3231,8.4186,45,#F59E0B,https://www.centronazionalesangue.it/west-nile-virus-2026/,CNS lists WNV prevention measures for Province of Vercelli; territorial surveillance/prevention layer.
WNV-2026-IT-VCO-001,west_nile,CNS_WNV,West Nile / Usutu surveillance,West Nile virus,prevention_measure_area,1,2026-07-01,2026-07-13,Italy,Piemonte,Verbano-Cusio-Ossola,Verbania,45.9214,8.5518,45,#F59E0B,https://www.centronazionalesangue.it/west-nile-virus-2026/,CNS lists WNV prevention measures for Province of Verbano-Cusio-Ossola; territorial surveillance/prevention layer.
WNV-2026-IT-NOVARA-001,west_nile,CNS_WNV,West Nile / Usutu surveillance,West Nile virus,prevention_measure_area,1,2026-07-01,2026-07-13,Italy,Piemonte,Novara,Novara,45.4469,8.6222,45,#F59E0B,https://www.centronazionalesangue.it/west-nile-virus-2026/,CNS lists WNV prevention measures for Province of Novara; territorial surveillance/prevention layer.
WNV-2026-IT-ALESSANDRIA-001,west_nile,CNS_WNV,West Nile / Usutu surveillance,West Nile virus,prevention_measure_area,1,2026-07-01,2026-07-13,Italy,Piemonte,Alessandria,Alessandria,44.9129,8.6154,45,#F59E0B,https://www.centronazionalesangue.it/west-nile-virus-2026/,CNS lists WNV prevention measures for Province of Alessandria; territorial surveillance/prevention layer.
WNV-2026-IT-GENOVA-001,west_nile,CNS_WNV,West Nile / Usutu surveillance,West Nile virus,prevention_measure_area,1,2026-07-02,2026-07-13,Italy,Liguria,Genova,Genova,44.4048,8.9444,45,#F59E0B,https://www.centronazionalesangue.it/west-nile-virus-2026/,CNS lists WNV prevention measures for Province of Genova; territorial surveillance/prevention layer.
WNV-2026-IT-PADOVA-001,west_nile,CNS_WNV,West Nile / Usutu surveillance,West Nile virus,prevention_measure_area,1,2026-07-03,2026-07-13,Italy,Veneto,Padova,Padova,45.4064,11.8768,45,#F59E0B,https://www.centronazionalesangue.it/west-nile-virus-2026/,CNS lists WNV prevention measures for Province of Padova; territorial surveillance/prevention layer.
